Metric,% of time in hyperglycemia,% of time in hyperglycemia,% of time in hyperglycemia,% of time in  hyperglycemia critical,% of time in  hyperglycemia critical,% of time in  hyperglycemia critical,% of time in range,% of time in range,% of time in range,% of time in range secondary,% of time in range secondary,% of time in range secondary,% of time in hypoglycemia level 1,% of time in hypoglycemia level 1,% of time in hypoglycemia level 1,% of time in hypoglycemia level 2,% of time in hypoglycemia level 2,% of time in hypoglycemia level 2
TimeOfDay,daytime 6am - 12pm,overnight 12pm - 6am,all day 12am - 12pm,daytime 6am - 12pm,overnight 12pm - 6am,all day 12am - 12pm,daytime 6am - 12pm,overnight 12pm - 6am,all day 12am - 12pm,daytime 6am - 12pm,overnight 12pm - 6am,all day 12am - 12pm,daytime 6am - 12pm,overnight 12pm - 6am,all day 12am - 12pm,daytime 6am - 12pm,overnight 12pm - 6am,all day 12am - 12pm
Manula Mode,2.9853128991060025,0.4669540229885057,20.984993614303963,17.80411877394636,0.38314176245210724,0.17959770114942528,16.203703703703702,3.919220945083013,50.85807790549168,38.02681992337164,2.7179118773946356,1.293103448275862,19.189016602809705,4.386174968071519,71.84307151979564,55.830938697317976,3.101053639846742,1.4727011494252873
Auto Mode,2.3715277777777777,0.5243055555555556,21.37847222222222,18.78472222222223,0.5694444444444442,0.15625,17.44097222222222,6.427083333333333,47.763888888888886,35.482638888888886,2.4097222222222223,0.9548611111111108,19.812500000000007,6.95138888888889,69.14236111111109,54.26736111111109,2.9791666666666665,1.111111111111111
